{
  "block": "B3",
  "checkpoint": "outputs/models/wav_vae_v16.3_256x_dim384_time_remote_main/best.pt",
  "checkpoint_epoch": 13,
  "checkpoint_best_snr": 20.732428689374803,
  "dataset_name": "cosyvoice_4spk_val",
  "n_samples": 112,
  "n_frames": 57344,
  "latent_dim": 384,
  "phoneme_subspace": {
    "dim": 30,
    "n_classes_kept": 71,
    "min_count": 100,
    "variance_target": 0.9,
    "variance_fraction_on_all_frames": 0.3062992712958789,
    "within_frac": 0.9983903834861054,
    "between_frac": 0.0016096165138945206,
    "singular_values": [
      0.9580196793698472,
      0.820899836159948,
      0.769903174637909,
      0.6788630915169012,
      0.607848410748601,
      0.5732028668482383,
      0.5198200519655469,
      0.5119185194766734,
      0.4990081581155338,
      0.484031768086287,
      0.47191428462465473,
      0.44750849684268473,
      0.44561212657692345,
      0.41642712693368494,
      0.39018135320702824,
      0.37717142319210223,
      0.363525675141618,
      0.35670181224192504,
      0.3373931187972178,
      0.3302217839344563,
      0.3230876630962604,
      0.3097721373509086,
      0.299177377845258,
      0.29320151923775983,
      0.26925536320537163,
      0.26397059579363713,
      0.25346272050812574,
      0.2458743420108255,
      0.23532734613313436,
      0.23071071419819472,
      0.22095153853184943,
      0.21856666855687296,
      0.2125001146501964,
      0.20639707893494472,
      0.1977064246779462,
      0.19302899497343637,
      0.18774670585298542,
      0.18352685266216184,
      0.17741445703932315,
      0.17134029942848078,
      0.16973449828193357,
      0.16340919875654672,
      0.1593031575719142,
      0.15276082270129906,
      0.14820736390479033,
      0.14777943849699068,
      0.1373019518723161,
      0.12831560893068078,
      0.12379641554552083,
      0.121149173447201,
      0.11425042366961179,
      0.11194274216855253,
      0.09989931941798846,
      0.09957689715554605,
      0.09652266094466685,
      0.09055427478225218,
      0.08928727013632062,
      0.08189828774073164,
      0.07869477827183365,
      0.07106203537297427,
      0.06546224159346352,
      0.05996998820562211,
      0.05756741363240216,
      0.05506990960071307,
      0.052000778239644455,
      0.04840782203810261,
      0.043699251596102856,
      0.04231470032475763,
      0.036393741014647776,
      0.032826968905893476,
      4.254462024321658e-16
    ],
    "cumulative_variance_among_classes": [
      0.12402695831131956,
      0.21509113601622515,
      0.2951924154856568,
      0.3574699810303102,
      0.4073995484539741,
      0.4517996476133864,
      0.48831481442839003,
      0.5237283195985802,
      0.5573781224409803,
      0.5890384180096521,
      0.6191333578305105,
      0.6461959756050242,
      0.6730297172569288,
      0.6964636542330025,
      0.717036778698981,
      0.736260824539376,
      0.7541190134071215,
      0.7713130506840865,
      0.7866960022979129,
      0.8014319703340798,
      0.8155381036008041,
      0.8285054746198327,
      0.8406009999500239,
      0.8522181517681255,
      0.8620152160497397,
      0.8714314737946324,
      0.8801129867237042,
      0.8882824524250335,
      0.8957660775891727,
      0.9029589566721196,
      0.9095561816157987,
      0.916011759093753,
      0.9221139469003864,
      0.9278706565496139,
      0.9331527830420779,
      0.9381879320955433,
      0.9429512754073065,
      0.9475029003230909,
      0.9517563886499347,
      0.9557236085650397,
      0.9596168153747818,
      0.9632252615650325,
      0.9666546446433071,
      0.9698081328386385,
      0.9727764260434251,
      0.9757276030363868,
      0.9782751409418643,
      0.980500121450951,
      0.98257113706217,
      0.9845545271719853,
      0.9863184633629077,
      0.9880118616450484,
      0.9893604900152946,
      0.9907004271128563,
      0.9919594273285096,
      0.9930675431251911,
      0.994144867094421,
      0.9950512607904756,
      0.9958881328424395,
      0.9965705383406419,
      0.9971496322236776,
      0.9976356309814695,
      0.9980834686998457,
      0.9984932913519897,
      0.9988587068131889,
      0.9991753705402567,
      0.9994334272946273,
      0.9996753907464123,
      0.9998543773935955,
      0.9999999999999999,
      0.9999999999999999
    ]
  },
  "speaker_subspace": {
    "dim": 2,
    "n_classes_kept": 4,
    "variance_target": 0.9,
    "variance_fraction_on_all_frames": 0.011714266885902316,
    "variance_fraction_on_utt_means": 0.44137629964631553,
    "within_frac_utt": 0.5426221698881724,
    "between_frac_utt": 0.45737783011182753,
    "singular_values": [
      0.35401859113897216,
      0.2441989192654553,
      0.12699237164559504,
      1.6754356489836055e-16
    ],
    "cumulative_variance_among_classes": [
      0.6232511600615711,
      0.9198015038649962,
      1.0,
      1.0
    ]
  },
  "principal_angles_deg": [
    25.93039175107624,
    34.43495632684669
  ],
  "principal_angles_mean_deg": 30.182674038961466,
  "principal_angles_min_deg": 25.93039175107624,
  "shuffle_null": {
    "n": 1000,
    "mean_angle_mean": 64.10788313526825,
    "mean_angle_ci": [
      59.788720075086445,
      68.46613874278131
    ],
    "min_angle_mean": 58.493544413359075,
    "p_mean": 0.0,
    "p_min": 0.0
  }
}