{
  "block": "B2.5-S2",
  "shuffle_labels": false,
  "checkpoint": "outputs/models/wav_vae_v16.3_256x_dim384_time_remote_main/best.pt",
  "dataset_name": "cosyvoice_4spk_val",
  "n_samples": 112,
  "n_frames": 57344,
  "latent_dim": 384,
  "n_folds": 5,
  "ridge_alpha": 10.0,
  "logistic_alpha": 1.0,
  "logistic_iter": 400,
  "scores": {
    "f0": {
      "mean": 0.19898767398925685,
      "std": 0.03964148871637534,
      "per_fold": [
        0.23270266877942403,
        0.17207395888820387,
        0.15746172755710353,
        0.248733923963519,
        0.18396609075803383
      ],
      "n_samples": 47825
    },
    "energy": {
      "mean": 0.8086472390033654,
      "std": 0.03362181178414615,
      "per_fold": [
        0.8308983848696329,
        0.7794460032227692,
        0.8170300680888614,
        0.7685444437556619,
        0.8473172950799015
      ],
      "n_samples": 57344
    },
    "centroid": {
      "mean": 0.5145577245555231,
      "std": 0.04251384872734956,
      "per_fold": [
        0.5640522140898835,
        0.46105186051351243,
        0.4995800892126838,
        0.4965521699782435,
        0.551552288983292
      ],
      "n_samples": 57344
    },
    "voiced": {
      "mean": 0.18858770555575846,
      "std": 0.035031290789331905,
      "per_fold": [
        0.23177116778754137,
        0.164497386660158,
        0.16891250711965733,
        0.15665818348996985,
        0.22109928272146573
      ],
      "n_samples": 57344
    },
    "phoneme": {
      "acc_mean": 0.06775954174901186,
      "acc_std": 0.007655056726169942,
      "top5_mean": 0.33952723567193677,
      "acc_per_fold": [
        0.07761548913043478,
        0.07039741847826086,
        0.05637428977272727,
        0.06702769886363637,
        0.0673828125
      ],
      "n_classes": 80,
      "majority_chance": 0.08621651785714286,
      "n_samples": 57344
    },
    "speaker": {
      "acc_mean": 0.6181316390810276,
      "acc_std": 0.02855365765840369,
      "top5_mean": NaN,
      "acc_per_fold": [
        0.5999490489130435,
        0.6340862771739131,
        0.6544744318181818,
        0.6207386363636364,
        0.5814098011363636
      ],
      "n_classes": 4,
      "majority_chance": 0.25,
      "n_samples": 57344
    }
  },
  "b2_top32_best_per_label": {
    "phoneme": 0.0032857584730399173,
    "speaker": 0.013342662510490993,
    "f0": -0.05731646155090282,
    "energy": 0.061340655867684134,
    "centroid": 0.021110682858560593,
    "voiced": 0.01176744537323211
  }
}