{
  "block": "B2.5-S2",
  "shuffle_labels": true,
  "checkpoint": "outputs/models/wav_vae_v16.3_256x_dim384_time_remote_main/best.pt",
  "dataset_name": "cosyvoice_4spk_val",
  "n_samples": 112,
  "n_frames": 57344,
  "latent_dim": 384,
  "n_folds": 5,
  "ridge_alpha": 10.0,
  "logistic_alpha": 1.0,
  "logistic_iter": 400,
  "scores": {
    "f0": {
      "mean": -0.010883910684596687,
      "std": 0.0027428118580198574,
      "per_fold": [
        -0.009362476478320891,
        -0.011448741022224818,
        -0.009187659804626325,
        -0.008965173502738066,
        -0.015455502615073335
      ],
      "n_samples": 47825
    },
    "energy": {
      "mean": -0.007471739101513286,
      "std": 0.0025730664876626548,
      "per_fold": [
        -0.009234308579838757,
        -0.009558919983927883,
        -0.006352178641315875,
        -0.003457179551805023,
        -0.008756108750678893
      ],
      "n_samples": 57344
    },
    "centroid": {
      "mean": -0.009331178484509373,
      "std": 0.003364723433253046,
      "per_fold": [
        -0.009943343707383256,
        -0.008902348283461814,
        -0.00965829304739585,
        -0.004359518056994638,
        -0.013792389327311305
      ],
      "n_samples": 57344
    },
    "voiced": {
      "mean": -0.009434696139053188,
      "std": 0.002646554117754137,
      "per_fold": [
        -0.012449210002721589,
        -0.00811734987017676,
        -0.009449372195917016,
        -0.005774413420264857,
        -0.011383135206185724
      ],
      "n_samples": 57344
    },
    "phoneme": {
      "acc_mean": 0.07485795454545455,
      "acc_std": 0.00223263651162863,
      "top5_mean": 0.33028656126482214,
      "acc_per_fold": [
        0.07243546195652174,
        0.07600203804347826,
        0.07484019886363637,
        0.07794744318181818,
        0.07306463068181818
      ],
      "n_classes": 80,
      "majority_chance": 0.08621651785714286,
      "n_samples": 57344
    },
    "speaker": {
      "acc_mean": 0.24988806200592886,
      "acc_std": 0.001997744481831232,
      "top5_mean": NaN,
      "acc_per_fold": [
        0.251273777173913,
        0.24932065217391305,
        0.2489346590909091,
        0.24742542613636365,
        0.25248579545454547
      ],
      "n_classes": 4,
      "majority_chance": 0.25,
      "n_samples": 57344
    }
  },
  "b2_top32_best_per_label": {
    "phoneme": 0.0032857584730399173,
    "speaker": 0.013342662510490993,
    "f0": -0.05731646155090282,
    "energy": 0.061340655867684134,
    "centroid": 0.021110682858560593,
    "voiced": 0.01176744537323211
  }
}